id,price
4740010,10000
4683028,18532
4673532,9153
4711521,8929
4673534,10877
4711522,4292
4683032,11598
4692533,6154
4692535,11171
4683041,8036
4683042,11512
4740025,4790
4721032,8423
4702039,8283
4749526,10351
4607072,6722
4702042,11166
4692546,9812
4683056,11877
4683061,12344
4692558,10819
4749540,9051
4683062,9088
4702057,12774
4683063,9818
4692561,4651
4569103,14069
4711558,11876
4692564,5013
4740050,13967
4692566,3346
4711563,13684
4711567,9550
4711569,9544
4692575,9354
4417164,8486
4673584,9774
4721069,5886
4749565,10442
4683086,12365
4493147,13214
4702084,12633
4702088,11217
4673598,13105
4702093,4508
4721089,12603
4683102,7357
4740085,9218
4730591,12792
4692603,10400
4721095,8862
4749591,9620
4711603,12629
4673615,13315
4692610,10123
4702110,14416
4683117,10972
4692616,6470
4702114,7454
4721108,13215
4749601,455
4673625,8251
4702117,10707
4749602,13565
4721113,12356
4569165,13860
4721118,7441
4711622,10312
4588161,12423
4721120,12077
4711624,10327
4673637,7135
4749613,11569
4692631,7958
4683135,10725
4702130,13197
4683139,12679
4702135,8105
4692639,12701
4673647,8882
4730630,15009
4692644,10893
4740134,9639
4702148,8865
4711646,8053
4721144,12021
4673660,5427
4692656,3469
4721149,7527
4721150,12960
4702158,12830
4749644,7420
4683167,10620
4702164,15418
4730655,11128
4692667,7779
4702167,11908
4730658,10073
4683174,10764
4721163,11728
4749654,13313
4626194,9409
4683176,12130
4702172,7409
4721167,10841
4730665,10144
4730666,14052
4673684,6136
4683185,12335
4493248,9855
4702184,7421
4692691,15133
4683195,9603
4702190,11452
4711689,7758
4702192,7028
4683202,7430
4711695,10388
4692701,11612
4711696,8275
4711699,13063
4702203,10239
4683209,4479
4673713,8399
4740194,9127
4749692,9460
4740198,3806
4673721,11100
4683218,9357
4683220,7204
4711711,6857
4588253,10156
4721211,13687
4683224,12000
4692721,9789
4692722,8655
4740208,9477
4673729,8867
4721218,11291
4749710,11106
4702225,16434
4702226,10504
4683234,7977
4721223,11404
4702229,6550
4702232,10446
4711731,10211
4721229,10568
4702235,12230
4692743,5672
4597776,8223
4749729,9764
4673753,10719
4702245,8604
4692749,11606
4711743,11995
4721242,14061
4683254,9406
4692752,11697
4721244,8978
4692754,8732
4702252,10677
4673762,3543
4702255,11290
4749740,15538
4692760,11378
4711755,6014
4692761,10530
4702258,9293
4730749,8073
4740247,10585
4702261,10685
4692765,9036
4711760,14053
4702263,5376
4702266,10262
4702267,7567
4692771,12729
4702270,13242
4683277,8652
4730764,4733
4683281,9273
4702278,12268
4721275,12979
4702281,13833
4683288,6275
4673794,9124
4730777,7014
4721281,10513
4683293,15814
4730779,13667
4683294,7196
4711786,9449
4711788,7710
4702292,4730
4683298,13880
4673803,6235
4711791,9517
4702295,7408
4683303,9669
4692801,7382
4740287,10254
4730790,3648
4683306,5538
4721296,12648
4740291,7328
4730796,13326
4702306,5356
4626330,8657
4730798,12821
4702307,9129
4645332,7237
4740304,15314
4683322,13967
4721312,8845
4711817,7408
4730812,10884
4711823,10556
4749811,8238
4730818,7267
4721321,11285
4702329,9217
4740320,13229
4721327,9036
4711834,3827
4702338,8669
4749823,11655
4730830,2508
4683346,7645
4702343,10240
4626368,10046
4721338,5014
4721339,13022
4702346,7944
4721341,3543
4673857,7879
4749834,5383
4711852,8795
4740344,5248
4740345,8677
4721351,10122
4749842,11809
4702357,14296
4721355,14320
4607392,9281
4721357,7788
4749849,8499
4692870,13246
4702367,2529
4284500,7299
4683378,7893
4702372,9911
4702373,9430
4711871,8291
4702377,6065
4673888,12533
4711879,13147
4683389,14717
4692887,7160
4711882,12408
4749870,6514
4683392,12049
4673897,14094
4692891,14712
4749873,12828
4721383,8010
4607421,8058
4673901,8400
4673903,12503
4683401,10897
4721390,7277
4749882,14767
4683403,7654
4730889,9582
4711896,14914
4683405,9174
4749886,6809
4702402,8458
4683409,6375
4749889,11573
4683410,11922
4692911,7299
4683416,12394
4711908,12407
4683418,15638
4730904,10077
4692916,7720
4721408,12790
4683420,5600
4692918,13499
4683422,7786
4749901,5997
4692920,10383
4683423,7116
4673926,9687
4702418,8098
4683424,3459
4683429,7373
4702424,5945
4711922,9725
4749912,10743
4711927,10166
4702431,14867
4730923,4676
4683438,8234
4749918,11454
4692938,10705
4692939,9508
4730928,13204
4711935,8735
4692946,9118
4692948,6232
4683451,13656
4711943,10761
4683452,5930
4702449,12777
4711946,8704
4132630,7783
4673962,4311
4749938,8784
4673965,7742
4740445,11878
4692961,8792
4702460,12367
4673974,6672
4683475,6609
4730961,8740
4683478,11313
4702473,11432
4702474,9813
4408068,10020
4702478,17714
4692982,14820
4702479,13156
4721475,7633
4702482,8224
4683488,15027
4711984,14632
4674000,11093
4730982,14735
4721487,6647
4730985,12759
4702503,13795
4683509,18287
4683510,14547
4712002,7882
4740496,15531
4683515,8930
4626536,9634
4740500,13530
4749998,9627
4683519,12401
4740503,8196
4683523,13654
4674027,10974
4731014,12258
4683530,9322
4674035,8141
4712025,13917
4702528,8837
4712028,10130
4693036,8474
4674046,6970
4731030,7224
4731031,7816
4683546,11485
4626566,1442
4702542,13205
4721539,13889
4731039,9785
4702550,10307
4674059,12916
4683564,9699
4683567,10223
4740549,10631
4702561,12886
2803161,12179
4693065,11516
4702564,14023
4674078,7524
4683576,7132
4693074,7246
4683578,10638
4721567,6517
4683580,10598
4721569,9999
4750061,13150
4721575,17451
4750072,12829
4750073,9979
4702589,11312
4702592,4006
4731085,10809
4683600,11250
4750080,8926
4731088,8669
4702597,12091
4693101,9155
4674109,9872
4712097,10052
4702602,7401
4674112,8716
4750089,9150
4750093,5347
4493675,7885
4626635,10121
4674121,10234
4750099,10720
4683625,11359
4731113,8679
4721621,5185
4721622,7342
4702633,7855
4712130,6569
4731125,11422
4731131,12980
4683649,14038
4683654,10071
4750133,9617
4683656,9310
4731141,11885
4702652,3231
4664669,8412
4702658,14703
4702661,9598
4721662,8462
4731171,5807
4712177,12498
4693184,11754
4683691,10693
4674195,16757
4721680,9886
4683694,8408
4607718,8914
4712186,14698
4702690,10779
4389289,12297
4683697,6411
4721689,16502
4693198,12551
4674205,8927
4740694,8440
4683714,7425
4693211,7194
4712208,8525
4750200,1267
4683722,6930
4721711,15385
4674232,9589
4512785,11068
4712226,9996
4683735,3720
4712227,9183
4683740,8324
4702735,10872
4683741,13642
4712233,14695
4702737,12272
4702738,14732
4731229,15402
4674249,7818
4740728,7662
4712238,1850
4740729,10615
4731233,6080
4721736,6978
4693245,10852
4693246,9799
4693248,8287
4674255,14800
4712245,8807
4750233,10022
4721743,14393
4712246,10309
4674259,12363
4750236,5370
4683758,15073
4683759,8985
4702757,10463
4683774,5079
4721763,12171
4683775,9177
4750256,11974
4626797,13101
4702775,15396
4683782,5840
4674286,10729
4683783,7194
4674287,9229
4693281,9234
3563139,7724
4683786,7879
4731278,8526
4721781,9782
4712286,7164
4702791,6440
4750278,13410
4674303,6519
4750281,9763
4740787,11725
4712298,13463
4674312,13879
4740792,7131
4721799,8212
4712307,13701
4731302,12145
4674321,14422
4693316,12261
4731305,11041
4712312,5493
4674332,10981
4721817,7337
4693327,13225
4693329,5134
4617355,10618
4702829,15341
4683836,10147
4712332,9501
4683842,9070
4750322,11141
4693343,10256
4693344,8252
4683848,13259
4721836,5510
4683849,13481
4693348,12916
4693349,8372
4664858,14852
4674356,8587
4740836,9484
4674360,7844
4731342,9316
4712350,10583
4712353,7079
4683863,7140
4750343,7794
4693362,7103
4721853,9711
4721854,9198
4617389,8182
4674374,11839
4740853,7713
4712370,7789
4702879,17332
4683887,6485
4750366,11455
4702882,5409
4693386,9612
4750370,4617
4731377,11250
4683894,7999
4598422,11435
4693393,9765
4712390,8460
4683899,9596
4683901,14222
4693398,12102
4674404,5637
4750380,8621
4731386,9648
4721890,10253
4721893,4737
4693405,8392
4721897,11217
4674412,8577
4721901,7419
4683913,7653
4693411,3153
4674419,5789
4750395,14109
4693414,10756
4702911,10334
4721906,10144
4721910,7905
4712414,9256
4712416,10887
4712418,8860
4721916,6761
4731414,13813
4721918,9470
4712422,9220
4674435,8974
4674437,11286
4721922,7358
4721924,11842
4721927,6731
4721933,7761
4740927,8462
4721934,11485
4683949,7809
4721938,9017
4750430,10391
4712442,3879
4731440,11439
4712446,11448
4721945,10748
4617478,14517
4712454,11861
4702963,8726
3867229,12411
4674475,8936
4702969,7247
4712466,10923
4731460,10850
4702971,7375
4721965,12654
4683979,8699
4683980,11919
4712472,12119
4721969,4833
4750462,9642
4702978,5339
4740967,9178
4674492,9471
4693487,7708
4683990,10785
4721979,8003
4683995,7791
4693493,6314
4712488,12072
4702992,8533
4702993,11084
4712492,11638
4674506,11479
4721992,11491
4684006,13590
4712498,6118
4712499,9253
2642155,7116
4703005,12534
4750493,11640
4703010,8154
4703011,6859
4684020,6073
4750500,7378
4712514,10193
4712515,12969
4684025,13828
4722015,8983
4722016,10548
4712519,15190
4731515,12555
4693529,12004
4712524,10181
4674539,11709
4674542,3596
4722029,11422
4693540,13773
4712535,9052
4731529,12658
4712536,11180
4741029,12993
4693544,7178
4703044,13964
4712543,12067
4674556,13016
4741036,13235
4703048,14660
4703050,13573
4741038,8141
4712551,11312
4731545,11606
4598589,11333
4722052,11462
4712556,16286
4731552,8273
4712559,11567
4712562,9005
4674581,9726
4693576,12054
4712570,2930
4750559,13252
4674584,15492
4722069,10849
4712573,9716
4712575,4663
4684089,15649
4722083,10528
4703091,15299
4712588,10513
4693595,13065
4703092,13728
4741083,5678
4741086,7018
4684105,11804
4684106,14209
4693604,6039
4750586,10164
4703102,7985
4684112,14477
4703108,4995
4684116,9457
4693614,17190
4684117,4204
4741100,11763
4712610,12625
4693617,12678
4674624,6792
4750602,7373
4712615,8064
4722113,15720
4674628,13933
4722114,14146
4693624,13501
4589158,7588
4693627,9551
4674634,14425
4722120,13088
4712623,11267
4712629,12704
4684140,6654
4703134,11175
4684142,12708
4731628,8121
4684144,7963
4712637,8789
4693644,8682
4712639,13122
4684150,9702
4684151,12185
4731639,17482
4693652,11783
4598682,8009
4693653,6841
4731642,10738
4703154,11042
4712655,10063
4722152,14523
4712656,19892
4731652,13219
4703164,8977
4684172,8755
4693669,7204
4674680,7094
4722166,13913
4750660,9480
4712674,10175
4684183,4856
4703177,6774
4693682,7828
4731672,7584
4712680,12145
4731676,9425
4703187,11683
4674699,13051
4703192,10025
4703193,11604
4703194,5106
4598727,7989
4741182,6928
4598729,12008
4712694,6879
4693700,10942
4712699,15208
4750691,12738
4731697,11711
4712703,13145
4712705,11396
4722206,12967
4684219,13697
4731704,8430
4712712,9195
4722210,10641
4693719,12382
4712714,12468
4684226,10995
4722216,14724
4741211,13192
4674732,6794
4693727,15054
4684231,11956
4731719,10047
4674738,14446
4712726,11552
4674739,7697
4693734,13030
4731722,13810
4722227,15288
4693739,10962
4674746,16009
4684245,11253
4731730,10447
4693743,2544
4722235,12232
4712738,5808
4703243,5377
4741231,11749
4731734,9716
4674754,4458
4684251,10647
4722243,11368
4731740,4766
4674761,13598
4712750,9964
4693757,13226
4712757,12629
4722255,9651
4684268,11322
4750747,7003
4703267,3965
4712768,11692
4684278,9912
4750758,4671
4674782,2147
4684281,5121
4693778,7368
4684284,5472
4722272,11337
4674787,8807
4684289,12263
4741271,13201
4684292,13046
4741274,11076
4674796,5880
4712784,9547
4684295,8145
4750774,11708
4684296,7873
4684299,10657
4741281,11955
4684300,8562
4703295,5451
4712793,6747
4674805,8202
4703298,8657
4703300,11473
4674810,13232
4684308,11140
4674811,11442
4741292,14734
4712801,12949
4703305,8667
4722300,8316
4674815,11962
4674816,16553
4693812,6179
4674822,11632
4703314,6007
4674823,11191
4617842,8883
4741305,15458
4693821,13261
4731814,13774
4712820,9313
4750810,7143
4722324,4165
4722326,9321
4750817,12572
4731823,8254
4731825,9841
4712832,11631
4674844,14787
4712833,12412
4674845,6300
4722332,10032
4684351,3559
4722339,10826
4712845,8260
4703350,14069
4712848,10548
4703351,14316
4741344,9116
4684362,9370
4703357,11625
4712854,8604
4684369,10738
1920746,7489
4741355,7483
4741359,14532
4750857,10255
4674881,12999
4703374,10613
4712871,14719
4741363,14213
4712873,13787
4674886,9675
4703380,6813
4712878,15242
4693886,9515
4703383,5710
4712881,14566
4750869,10371
4741372,4048
4741373,9906
4703386,9587
4693890,16992
4693894,7506
4750878,7676
4693897,6405
4712891,8945
4693899,762
4703397,13600
4674907,10140
4741387,7607
4712896,9953
4684406,10893
4703401,11385
4741390,11653
4722397,15146
4674914,11905
4674915,11410
4703408,14435
4750894,11046
4741398,10532
4674920,13313
4703411,9469
4684417,11321
4674923,12581
4684420,8908
4722409,11976
4722411,7365
4712914,8531
4674927,7969
4750905,108
4712917,6723
4674929,12766
4731912,7281
4589458,8095
4703422,12786
4693927,9004
4703425,11086
4693930,12561
4693932,12156
4684436,14189
4693934,11713
4674941,14364
4674942,12749
4684439,5201
4731931,10980
4684449,10151
4722437,7256
4703445,7220
4712946,12499
4750934,15907
4741437,7539
4598983,5666
4693954,11850
4703455,11172
4693963,11432
4693964,8454
4731953,10116
4589498,10162
4712961,10024
4703467,8169
4684475,7398
4693973,7065
4674981,8461
4722467,9463
4693978,12585
2965525,12138
4693981,6324
4731970,9888
4722474,9127
4693985,8024
4712981,9971
4750970,4687
4712982,11349
2386223,8500
4750977,8467
4693996,10334
4693998,13078
4722489,7994
4694001,9666
4694006,3670
4713001,4835
4713002,11118
4675014,13416
4722503,9045
4713007,14734
4684517,10986
4703511,5336
4694014,12873
4684521,7746
4722510,11666
4703518,8944
4675030,7905
4713021,6841
4713024,6919
4637049,9515
4694033,12770
4732023,4174
4694036,10792
4741522,15391
4684546,6362
4694044,15054
4703545,6895
4694050,6881
4713044,11071
4732039,9653
4675057,9382
4694053,3198
4741542,6774
4694058,9383
3782346,13978
4656070,4039
3022592,12387
4751047,5791
4703567,7440
4751053,6396
4675078,8310
4732064,8500
4703576,7295
4513638,10599
4703580,8424
4741569,2492
4741571,3454
4703596,14025
4703597,5031
4675106,13751
4684609,13228
4675114,6179
4703606,10342
4703609,9708
4751096,7331
4675125,9556
4675126,8696
4703618,8912
4684624,11604
4751104,8688
4713119,6880
4722617,4189
4694126,10758
4741615,7046
4684635,9490
4409222,12856
4741619,8176
4694137,12323
4722630,4923
4684643,9860
4751122,7115
4684646,10513
4675150,6939
4608673,4870
4703646,14244
4751132,11376
4732140,11175
4713147,8228
4694154,9372
4599186,9589
4713150,4833
4684661,10990
4703656,15230
4684664,10194
4694162,7186
4722656,11034
4675171,7358
4694166,12074
4751148,12056
4751151,3648
4675176,14020
4694172,8470
4703669,4154
4732160,8125
4684677,9827
4741660,6674
4684678,10279
4684682,15893
4751164,14019
4732174,8251
4713180,9113
4703688,11770
4722686,9076
4694196,4013
4675202,13146
4713192,12212
4713193,7763
4713194,9585
4713198,13277
4713203,8990
4694210,7287
4684714,9424
4741697,6283
4722704,14900
4684716,14015
4722707,10682
4675222,8557
4703719,15969
4694224,10540
4751208,8213
4732215,10145
4751216,12067
4732225,10347
4741729,17198
4751227,12105
4722739,15059
4713242,15103
4703747,9695
2870832,6225
4599287,6978
4713251,7126
4608787,11845
4722752,9428
4713257,7329
4684769,14437
4656283,9452
4703770,12431
4684776,10104
4675280,8167
4694274,11010
4713271,14559
1816686,10099
4751260,13218
4732267,9675
4741765,11233
4751264,13200
4694283,14857
4741770,12877
4703785,10811
4675294,12781
4741775,10567
4675296,10210
4684795,8447
4684797,12541
4694296,7134
4684800,15537
3887054,13357
4675305,12304
4684803,7705
4675308,12853
2699932,8554
4684806,5817
4703802,7224
4741793,18887
4675315,12758
4732303,7057
4732304,7521
4599347,13608
4732306,13978
4741803,11662
4694318,18532
4732307,11092
4694321,13984
4675328,13152
4675329,8167
4694324,8530
4741812,11112
4694327,12159
4694328,5999
4732316,9572
4751312,11723
4684835,9366
4751314,11771
4713327,7409
4722825,8488
4713330,12470
4684840,6479
4694337,9736
4684841,13974
4703836,8711
4684842,11976
4703839,5953
4675349,13545
4722835,13282
4751328,13038
4684851,10797
4713344,8055
4703850,13083
4713348,13294
4694355,11210
4703853,11336
4675364,7462
4703857,6748
4751342,10275
4694361,13070
4722853,9514
4722854,10215
4675372,14096
4694367,10307
4713362,9903
4703866,6777
4703867,8215
4646888,8825
4722865,13937
4751356,12722
4713369,6348
4618401,8153
4713373,12295
4713374,10134
4684886,9028
4713377,9688
4703880,6464
4675390,8189
4713379,7883
4703883,4971
4646903,3887
4713382,13249
4713385,11819
4703890,9641
4675401,8782
4713391,13160
4694397,6983
4741884,5896
4703896,7744
4703898,7538
4732394,4443
4751391,13129
4694412,7618
4732401,3956
4713407,8783
4675419,8900
4713411,7965
4751403,11396
4741908,12926
4713418,7779
4751406,8801
4694426,14836
4675432,8215
4732415,9661
4703924,7474
4703926,8109
4694430,7850
4713425,6714
4675437,10316
4722927,12947
4713431,9565
4713432,10654
4713433,9858
4684947,11556
4608971,7493
4751427,6897
4713440,11193
4722937,9241
4703943,15254
4675453,11412
4694448,9580
4722940,9926
4713446,10015
4741938,5123
4741939,4969
4713448,9410
4675461,12914
4741949,11023
4722957,11388
4713464,5505
4751456,8284
4684977,6564
4694475,11538
4694476,9809
4741961,12946
4741963,11264
4694481,14152
4713475,4820
4694485,8050
4703984,10662
4751469,14109
4722979,12011
4751472,2991
4703988,12582
4675498,10575
4722986,10837
4751478,10126
4703993,6639
4741985,11565
4514061,2987
4694509,12457
4628036,10165
4732503,14074
4694516,5464
4675522,15928
4694518,10835
3459908,11582
4694520,11412
4694521,12341
4713518,9561
4742011,12642
4723018,9614
4742013,9546
4713523,12876
4713526,12818
4713529,5070
4675542,6186
4751518,7714
4694538,7372
4732527,8561
4704039,8372
4751524,9907
4713536,9669
4704040,10768
4628069,9343
4713546,10310
4751534,4888
4675558,10999
4704051,12746
4751537,7523
4618579,8393
4732546,9781
4713553,10324
4685065,7509
4694562,6090
4694563,12380
4713558,6754
4675571,11722
4742052,13091
4713561,4473
4704067,11891
4704069,9122
4704072,5945
4675582,12021
4704073,12300
4694578,7141
4675588,10070
4694585,10775
4742073,10253
4694588,17701
4685091,11480
4675594,8684
4618614,13219
4742076,10344
4675598,8354
4723084,8145
4713588,8253
4723086,7046
4685098,4375
4723087,10572
4704094,14103
4732586,7594
4751581,7170
4694600,13151
4713597,7972
4751588,13123
4723098,13325
4751591,8330
4713603,8724
4694609,10745
4694610,5518
4742100,17223
4704117,9237
4675629,10734
4694625,8912
4742111,11368
3023155,9476
4675634,-690
4742113,9435
4713623,8763
4723122,12039
4751613,9010
4713626,9904
4675639,6365
4704130,6503
4713628,10008
4751616,9644
4685137,13949
4618659,9193
4732623,10518
4713630,5896
4694637,4816
4704136,8059
4742125,4062
4694644,15326
4675655,10057
4637667,6330
4713644,6520
4751633,10001
4675658,17027
4704151,10460
4713650,10060
4704153,13018
4751640,8883
4704157,11040
4713656,11952
4713658,13459
4704161,11701
4685168,7298
4742151,7569
4675673,7018
4694669,12083
4751651,10239
4675676,8193
4723163,5469
4704169,9780
4704170,14038
4694673,6541
4675680,13485
4713668,14962
4713670,11523
4675683,7372
4675685,7104
4704177,9302
4694682,15605
4751664,10346
4694683,7509
4713678,5484
4694688,9850
4713683,7558
4685195,11419
4704190,5966
4751675,9784
4742180,11866
4675702,10492
4685199,7463
4704199,9711
4647218,3748
4742188,8427
4533255,6694
4742190,9862
4694707,11708
4675715,7543
4675718,10940
4742197,12585
4732702,6989
4723205,8520
4675721,17417
4732705,11641
4751701,7663
4694725,9311
4713721,6492
4694727,8224
4685231,17038
4713724,11064
4751714,12899
4675741,12711
4751719,11678
4685241,8777
4704236,9563
4751721,13349
4675746,12809
4704239,10013
4742228,10495
4685247,9060
4685251,10689
4713744,10238
4713747,13565
4742243,5111
4694761,6931
4694762,11559
4704265,16720
4742254,9424
4685273,9776
4675779,15350
4685278,17589
4685279,11249
4751758,2904
4628298,10125
4742263,5089
4732766,11170
4694779,10876
4704278,12510
4732771,9362
4713778,9196
4694784,9713
4704282,8158
4742270,8049
4751769,7785
4704286,9914
4685294,11834
4675800,12864
4685299,14672
4713791,7755
4694797,9666
4685304,7252
4713795,7932
4742287,9474
4685305,14810
4751786,4943
4685309,11893
4713800,9279
4713803,10328
4742296,6199
4685314,12184
4685315,9662
4685316,11875
4685317,7532
4742300,8792
4675821,8796
4704314,9100
4685320,12472
4685326,10284
4694823,7249
4675829,11591
4704323,6408
4685329,9659
4704324,10990
4685331,7845
4675835,9272
4685336,8366
4751816,13417
4732823,10953
4685340,11625
4675845,10149
4694841,7423
4685344,9598
4685345,9809
4742328,11568
4704340,11009
4685347,14151
4685349,10838
4704343,908
4685354,10487
4675859,11702
4685358,6038
4704352,14262
4685359,11429
4704355,11852
4713852,13419
4685363,8002
2292119,7592
4732849,3332
4704359,6999
4732851,12714
4713857,12610
4685369,11423
4685371,12339
4742353,4018
4694868,5026
4675874,6488
4742355,12268
4742357,11987
4742362,13726
4704375,7381
4742364,12824
4704376,10647
4713874,4864
4656896,12350
4694886,12248
4704384,3760
4742372,10808
4675894,9706
4675896,12290
4685394,9927
4713886,15028
4742383,9980
4704397,8871
4723393,15233
4685408,7454
4732896,5629
4742396,13745
4742398,14815
4609441,7360
4751897,14249
4694916,13186
4675922,10744
4694917,9446
4675925,7566
4694922,8056
4675929,12748
4675931,12603
4685429,14058
4713922,11200
4694929,16594
4713924,10831
4685433,10002
4713925,7791
4694932,8177
4751914,10893
4713928,7262
4751916,7258
4694937,6749
4685441,12488
4713933,10003
4751928,4416
4742432,1428
4685454,9422
3213419,10628
4675957,5277
4675959,10783
4723449,5696
4675964,12327
4751941,9610
4704457,6701
4751942,9159
4685467,4162
4694970,9100
4685474,11105
4751954,17618
4732960,11203
4751955,11311
4694974,11777
4685479,10175
4694976,2074
4694978,6328
4713972,5477
4675985,6356
4694981,10211
4675989,7859
4732973,13383
4675991,8356
4657000,12122
4704487,10623
4694990,11180
4704488,11374
4694992,13286
4704489,6720
4732982,9941
4694994,8926
4694995,5562
4704493,7051
4619021,7821
4600027,9414
4713992,12384
4676005,17846
4600032,11506
4695005,9650
4695009,11157
4714009,3388
4714010,9042
4704514,10004
4733007,8474
4723511,9387
4695020,12173
4685526,8816
4704520,7460
4676030,16717
4704521,11528
4704522,10187
4695026,6992
4714021,9610
4676034,12844
4704526,15912
4714025,5053
4714027,11123
4742521,12612
4733025,12036
4695038,8290
4733027,6768
4685542,5613
4695039,11385
4685545,9708
4733031,9287
4704540,13674
4685547,9058
4695047,14331
3298988,8228
4685551,11080
4752031,10410
4695052,10191
4714049,12622
4533607,13344
4714051,15461
4685560,8808
4695058,7426
4704555,6718
4733047,15181
4714054,11596
4704557,14103
4704558,7864
4628584,-132
4695063,7245
4704561,11973
4752046,12024
4704565,6271
4723559,16322
4714062,12744
4676076,10068
4695070,10432
4742556,9274
4704570,9000
4733061,2915
4695073,12785
4676079,11307
4695074,8481
4676081,8105
4752062,6277
4742567,14675
4704580,8568
4695084,7053
4695085,9211
4676093,12403
4657099,10812
4752069,13169
4695087,9561
4695088,13379
4676094,15486
4752071,7294
4685593,10525
4714087,6616
4704590,8431
4695093,11731
4714089,11781
4752077,8316
4676103,8340
4695098,9202
4695099,11203
4704597,13827
4704598,8712
4704599,8571
4704600,11254
4695104,12223
4704602,9487
4752087,11820
4590640,12261
4695107,2739
4733098,7062
4752092,11627
4704610,12686
4695114,9848
4714109,9370
4676122,10739
4714110,7632
4676123,16326
4714113,4232
4676126,11793
4685623,3271
4704618,13509
4742609,16208
4695124,9297
4685630,14315
4714121,9996
4676134,8736
4742613,12657
4676138,14034
4685636,5867
4676142,10219
4733125,11402
4704635,6527
4676144,10343
4704637,7464
4714135,9612
4704640,11275
4685647,12939
4695145,7668
4704649,12620
4695152,4753
4742640,7498
4704654,5320
4742642,7714
4714153,11845
4714154,6130
4695161,7061
4685664,9533
4695162,12288
4714157,5260
4704662,9792
4714159,10179
4695165,12439
4685669,8241
4752148,12210
4695166,9750
4685670,8413
4704666,7864
4704668,17746
4685675,13171
4742665,12620
4628703,5738
4239327,7340
4695183,11377
4752167,10319
4723677,5671
4742673,7552
4752170,12290
4723680,7420
4704688,15295
4714187,13841
4685697,16781
4733188,11243
4685704,9089
4714197,13188
4685706,9823
4685707,6446
4752187,8051
4742690,9420
4742691,8730
4704707,9093
4742695,8988
4752196,6546
4733203,15005
4733204,14339
4704713,13563
4676223,6811
4714212,7215
4714213,9972
4676225,7231
4733208,4289
4685724,12938
4685725,11543
4714220,11423
4695228,8187
4733219,10876
4704728,9822
4628756,4914
4685739,14482
3736040,12895
4695238,14105
4676245,9325
4666749,14392
4714234,7001
4704740,7556
4704745,5764
4695252,7447
4733241,12371
4742739,8172
4676260,8643
4742743,8791
4695258,6118
4676265,13191
4695260,11377
4714258,14901
4695265,8992
4695266,10695
4685769,9309
4704765,7448
4685773,10059
4695270,13182
4752252,10434
4695271,15710
4676277,9268
4742756,13583
4714266,7669
4676280,5635
4733264,13508
4695276,3846
4676283,9410
4742762,11830
4695279,12532
4695286,10118
4676295,8908
4733281,4674
4704790,9003
4704791,12355
4676300,7865
4695295,10064
4752278,6540
4723788,10116
4685801,10565
4695300,8871
4685803,11460
4695303,10475
4695304,6919
4752287,11484
4685808,12379
4695308,18267
4723799,9876
4714303,8463
4676319,10664
4752296,7925
4695318,3924
4619344,6756
4685824,13235
4676328,11674
4733312,14085
4704824,6985
4733316,3026
4676336,12526
4116013,10582
4714325,11867
4704829,10173
4714327,11773
4676340,13530
4714329,7913
4695335,12821
4704832,4023
4714330,7549
4695336,17868
4676342,6544
4685840,7554
4752320,7317
4685847,7051
4752329,7705
4685851,9186
4685853,8992
4704848,13435
4723844,13455
4733345,9099
4714351,11055
4752340,6470
4695360,11567
4695362,5412
4704859,10923
4733351,10997
4723856,7059
4676371,10395
4676372,13836
4685870,9062
4685872,11625
4723863,15819
4704869,8315
4752355,13268
4714369,9985
4704873,8345
4676384,15356
4685883,12991
4742867,13689
4685886,5997
4742871,11920
4714384,11127
4714385,5651
2814985,11886
4733380,7923
4695393,12154
4685898,16138
4676403,12215
4685902,8480
4714393,12628
4685903,15339
4685904,3631
4714395,8502
4695402,10611
4704900,8274
4676415,7900
4695410,12665
4704907,8605
4695411,14446
4742896,12628
4742899,7647
4742901,13303
4704920,12752
4752405,7781
4704922,11899
4676432,12679
4714421,13532
4714422,2405
4714424,9973
4676436,9297
4723927,5779
3973665,11437
4676445,17635
4685944,7779
4695442,14112
4714436,10135
4742930,11962
4704943,9457
4695447,9170
3033472,11136
4704944,8864
4685951,10647
4685956,4370
4676460,7517
4752436,12998
4714449,13937
4704952,14509
4742941,7914
4685961,9708
4704955,13401
4742944,9496
4742945,14172
4695461,12631
4676468,4466
4752444,8952
4742948,12399
4685967,10117
4704961,5552
4695465,9857
4676472,11450
4714462,8233
4695469,12547
4704968,5529
4609998,4345
4714465,10305
4714466,8385
4714467,7957
4723964,2455
4714468,10616
4714469,11666
4704974,4902
4704982,10088
4704985,8432
4685993,5621
4676499,11728
4685996,8219
4581531,9889
4723991,10703
4752484,9274
4742989,5354
4676510,12928
4686008,11771
4695508,10751
4742996,8791
4724002,10235
4714505,10574
4724010,10009
4695521,9239
4676527,10918
4752505,13649
4705022,12184
4743012,7244
4714522,3121
4705025,7073
4676535,11453
4705027,13638
4743015,8841
4752513,7191
4686035,8675
4686036,11412
4686037,10478
4705031,9595
4752518,11443
4733527,9078
4686047,8843
4714540,14243
4676553,8596
4705046,10750
4686052,9218
4743035,9419
4686055,10787
4724044,7670
4705051,10853
4676562,6084
4743043,3204
4724050,10635
4676567,6743
4733550,9776
4714559,10425
4705063,8826
4695566,9646
4695567,8539
4657580,13251
4695571,8977
3565431,8470
4705072,14141
4686081,14213
4705077,10355
4752562,12539
4714575,16175
4686084,5604
4705082,5238
4714580,9242
4705083,12036
4714581,7601
4705086,12508
4676595,6256
4695590,10497
4705087,12402
3233054,10503
4705089,11074
4752575,9691
4714589,10725
4705092,12248
4743082,13417
4752580,17695
4752582,14069
4695602,7105
4676609,8401
4752587,15777
4695605,2691
4714610,9588
4714611,12781
4752599,7113
4714613,10323
4676628,7007
4714616,11370
4695623,12112
4733611,14074
4705120,12869
4743109,11409
4743110,10807
4676633,4834
4714622,11366
4686131,11659
4705127,4046
4752613,11430
4705129,13088
4714627,10614
4743118,7679
4695634,11843
4714630,10816
4676645,7280
4676647,4841
4705138,10771
4581677,8523
4714638,6258
4743129,7515
4705142,7451
4714641,11187
4733637,10577
4686153,10933
4733640,9922
4676659,4664
4695654,14800
4705151,5261
4743139,7964
4676660,9998
4695655,10348
4705153,11382
4676663,15382
4705155,5984
4752641,7249
4724151,11811
4724153,9757
4714657,6390
4724154,3529
4686169,14718
4743151,8526
4743152,6754
4686170,7402
4752650,13497
4695671,9321
4705170,7237
4686176,13839
4733663,12514
4743161,18887
4676683,14975
4752660,7553
4743164,8324
4676689,9399
4705181,11030
4705183,9649
4600717,7856
4705185,12462
4743180,621
4676702,9554
4600726,8978
4714691,5580
4752680,8940
4676707,7917
4724195,14556
4714704,10208
4676721,7589
4733704,13775
4714711,12517
4705214,7763
4714712,16145
4724209,11999
4714717,9751
4695727,9748
4743215,12680
4676736,12187
4610265,8580
4676747,12009
4733731,12220
4705241,10556
4705243,11020
4752728,8598
4676753,8789
4714746,9828
4676759,10724
4714749,12420
4705253,11850
4705254,8525
4714752,14210
4705255,13357
4676765,11954
4724253,8745
4705264,8105
4714762,12081
4714766,12033
4686277,1850
4676781,5780
4705273,7650
4600809,10814
4714774,12906
4705277,5352
4714776,13250
4743272,14008
4695789,7895
4705288,12980
4743278,11351
4676799,10340
4705294,10248
4676805,6105
4752783,8602
4752787,13900
4714801,13705
4714803,11854
4705306,8032
4686313,11302
4695811,10939
4733799,8006
4686315,7160
4752796,10746
4676822,9545
4752801,5095
4686324,12705
4676830,7489
4714821,5565
4733819,11549
4686334,11665
4676838,11601
4752815,15468
4733821,14602
4714828,12508
4695834,7737
4676841,9265
4714831,10225
4676843,10449
4676846,10546
4714837,11934
4752827,10628
4743339,10876
4619881,10276
4705354,6594
4686361,10411
4752843,8924
4686365,6610
4724354,9606
4752848,10477
4743352,11172
4686378,11052
4695875,12101
4714870,7151
4686380,5933
4733875,14212
4752870,4520
4695889,8381
4638907,13808
4733883,13073
4752878,9824
4743382,9211
4695898,17595
4714893,8308
4705396,7235
4705399,10896
4705400,7441
4705401,10331
4686417,9406
4714911,2598
4695924,7186
4743411,11312
4705429,9183
3793718,10005
4695936,6597
4686439,10185
4695939,10728
4695940,12640
4705439,12072
4695943,4427
4695944,11953
4705441,13472
4667454,10078
4686450,9960
4705444,9260
4714941,4749
4714943,11707
4695949,9335
4733938,7428
4733939,10724
4705449,10220
4705452,11414
4714950,12577
4695956,13410
4714952,8635
4686462,10754
4733947,10716
4695961,10070
4695962,9943
4705459,10541
4752947,6338
4752951,5638
4705468,7590
4686475,14460
4676980,8008
4676983,11388
4591519,7563
4695990,12272
4601023,9126
4686497,12187
4667504,5103
4705493,7733
4686500,7278
4677004,11592
4677005,16951
4677008,3491
4743500,9867
4705512,8694
4677024,13666
4743503,12779
4724511,14496
4506082,7240
4705522,8278
4734013,7845
4696028,11635
4753010,9373
4705526,5674
4582066,12235
4753012,5645
4724521,8290
4620056,14248
4705529,13092
4753016,6179
4743519,5993
4743520,12886
4743521,6510
4724527,8282
4705536,9863
4743526,2371
4696042,5937
4686550,8865
4686556,6264
4705550,9624
4686560,8883
4724553,5773
4686565,8862
4724555,9275
4696065,10031
4743552,8676
4715063,8420
4686572,6149
3698886,14432
4705569,7020
4677079,10392
4753056,13646
4724568,10573
4677086,7903
2758693,6235
4743568,8198
4753066,15465
4705581,9093
4610612,13761
4705582,13485
4715084,9598
4696095,9453
4715090,7520
4686600,13188
4724590,4603
4591634,8849
4686604,10447
4677109,12825
4734093,12427
4686609,12113
4696107,8368
4686611,12623
4705607,6128
4677118,11184
4686619,9390
4696117,7743
4715113,12517
2625774,11426
4677128,15992
4724616,9951
4686631,10332
4677134,11558
4677135,10026
4705627,7772
4686633,8380
4705628,13455
4734120,12415
4696137,10826
4753123,9032
4686646,7367
4743629,10566
4677150,13996
4591680,15573
4686651,10238
4705652,8747
4686658,12099
4705654,9983
4753140,7768
4677164,12979
4724653,6695
4715163,11974
4734157,8197
4734161,10549
4705670,11092
4677179,7063
4753156,4328
4677180,12298
4734165,5803
4686681,8149
4677185,11461
4686683,7265
4686685,13433
4743668,10041
4705682,8192
4677196,6201
4686698,8822
4677202,10145
4677204,9831
4724689,6283
4686714,9395
4677218,7673
4696212,5752
4696217,12969
4724709,11755
4734209,10361
4686725,8080
4677233,7462
4724718,11310
4743712,8960
4686731,10735
4715227,10248
4715232,10381
4705736,8777
4743724,15678
4696239,15701
4677249,6464
4696243,8346
4696248,7868
4705746,10636
4753232,12052
4753234,12657
4696263,13724
4696267,10060
4677274,11569
4715270,11460
4753260,10143
3727585,11578
4686782,9552
4753262,13967
4753264,8652
4743769,9822
4582323,11635
4677296,12093
4696291,10231
4705792,9873
4734287,7199
4715296,13114
4677309,13384
4715297,8197
4686810,9051
4753289,10179
4715302,4814
4753290,6632
4686811,13083
4724802,10037
4686815,8685
4696313,8401
4705810,5509
4743803,7973
4734307,7675
4686823,8193
4715315,7277
4734311,13246
4686830,8050
4743813,8729
4686833,5910
4696331,17162
4696332,15845
4354443,14406
4724826,13276
4677341,11129
4696337,6262
4686844,6049
4677347,6536
4734332,8206
4734334,14611
4715340,10644
4705844,8341
4724841,5627
4753333,3815
4705848,12888
4677357,8621
4705849,13763
4753334,5240
4715346,9285
4677358,15235
4715347,11476
4753336,7884
4743839,6745
4715348,15576
4677361,13017
4677364,12687
4715353,10490
4677366,9727
4715357,9050
4686866,6833
4648879,12798
4715359,12590
4734353,8881
4724857,5880
4677372,11587
4734355,6524
4743852,9685
4734357,13965
4753352,14672
4677377,16284
4715366,5966
4734362,10737
4753357,10024
4686880,7875
4715374,14715
4715375,12273
4715377,14291
4705881,10836
4677390,9462
4715380,4694
4686889,9332
4278519,15798
4753369,13499
4715381,17412
4677395,13344
4705887,15323
4743877,13900
4734383,12274
4620419,9678
4677402,13116
4753380,13129
4734389,8644
4696403,14104
4715398,8309
4753387,11948
4696406,7501
4677413,7608
4686913,13662
4724909,10704
4743903,7729
4677425,12280
4743909,7952
4753409,10374
4686936,11674
4677440,13488
4753417,8870
4677442,11729
4705934,10849
4715438,9082
4705942,17274
4743933,6268
4696458,8370
4686962,9883
4686963,6675
4724960,10689
4696471,8329
4724964,11029
4715467,13020
4753456,8389
4715468,12107
4753458,7797
1600455,12030
4753459,8533
4696482,15845
4677499,8658
4686999,10853
4705995,6902
4687002,10645
4677506,14619
4743986,16286
4734489,12897
4753484,15318
4677510,6818
4696504,10332
4677511,4587
4753487,9170
4753489,10989
4696511,6449
4696518,7370
4734506,9286
4725015,12666
4734513,13573
4687029,14706
4715521,4464
4696528,7879
4677534,13004
4725021,13443
4696533,7809
4668044,9020
4706035,5401
4753522,14130
4715535,8649
4715539,9613
4687052,11829
4677556,8550
4696551,11350
4696555,10503
4677561,10171
4725051,10839
4715555,9219
4687066,11037
4715564,9093
4706068,9942
4687081,9453
4696578,8987
4677588,6908
4753573,15215
4696592,11167
4715589,15271
4696596,7225
4677603,11412
4706094,9583
4696599,10892
4696600,8850
4696602,16025
4744087,9028
4753584,10572
4696603,11185
4744089,8499
4753587,8735
4725097,12469
4734597,11829
4696609,11491
4696610,14863
4592144,15009
4715605,10047
4687116,14785
4706114,9335
4734606,14148
1268204,9362
4753604,7248
4753605,11655
4753608,8779
4687131,7700
4734618,9363
4725126,8739
4687139,10388
4706136,2286
4706138,12139
4696643,9354
4725136,8887
4364250,8678
4734635,4841
2607308,9389
4696654,15512
4696655,6476
4753640,8343
4715656,8750
4725155,11327
4706162,8277
4639683,1850
4725160,10145
4734657,9226
4687173,10803
4753653,10590
4706171,18432
4696680,13336
4744171,15247
4744172,12762
4753669,10643
4696691,9570
4734684,8796
4706194,14930
4687200,9987
4725191,9070
4706199,12468
4696702,16162
4706200,12651
4744190,10616
4706203,11550
4744191,14195
4696710,10071
4696713,10592
4706213,10230
4744201,11234
4715712,9454
4687221,12736
4696720,10545
4012937,16638
4696722,13228
4744209,16573
4715719,10752
4687231,10768
4744213,6238
4677735,9689
4725221,6365
4753712,10513
4687235,12099
4734720,10741
4715726,6522
4706229,6057
4753715,17305
4706231,17350
4696736,3622
4744224,4870
4687245,11132
4734732,8802
4734735,10359
4744234,6015
4715745,9071
4715746,6541
4715747,9821
4687257,14536
4715748,11320
4706253,11366
4677762,13701
4677764,9597
4620782,15832
4706258,14042
4753744,11970
4696764,7517
4677779,12224
4715768,8087
4687278,10974
4715771,8203
4753760,12794
4706278,4532
4753765,8656
4696784,11412
4696785,9367
4706283,12875
4715786,7320
4687295,9582
4715790,13015
4753780,7412
4706296,12518
4706299,10873
4706300,14794
4668313,6528
4715801,5869
4668316,7374
4734797,15724
4706306,10992
4706309,7942
4696812,8810
4715807,10282
4706312,15869
4715811,11403
4658832,13115
4696820,15584
4706318,12134
4696822,8682
4753805,6348
4706323,12703
4706327,10163
4753814,10375
4753815,11824
4753817,12679
4677842,15390
4706333,16224
4706335,15618
4687344,5507
4753824,10267
4677854,9954
4706348,5866
4715845,12008
4715851,9672
4677863,11691
4715852,13071
4696859,5932
4677869,13496
4687367,7074
4753850,7939
4715863,14464
4753853,8649
4706368,10519
4706369,11746
4687379,11228
4668388,5871
4734868,8601
4611412,13096
4715883,11822
4687392,11326
4744379,11400
4696897,14032
4706395,11107
4677905,5558
4696901,11614
4706399,7453
4677909,10899
4715898,13349
4715899,9725
4753888,10122
4706404,11661
4677914,15258
4734897,10374
4677922,12084
4715913,11838
4753904,15659
4734911,9527
4753906,15165
4687429,11375
4696926,5142
4706425,11618
4668441,12111
4687435,2081
4677938,7740
4630454,11239
4696933,11199
4696934,9906
4677940,13749
4715929,9188
4677941,14967
4706433,15915
4753922,11747
4715935,12512
4725432,12886
4696942,12622
4715937,9925
4715941,10655
4715943,9625
4753932,7309
4734938,6864
4687454,12742
4677958,9515
4630474,7995
4706450,11040
4715949,3146
4677961,11893
4725448,7612
4687462,11641
4696959,8469
4715954,7399
4715955,7687
4715956,9032
4687466,12298
4677970,12144
4696964,8780
4630486,6471
4677971,9193
4696969,12346
4734959,9109
4715968,10572
4706479,11035
4715976,7445
4677988,12985
4706480,12231
4753965,8844
4715979,6744
4715980,12240
4715983,11157
4706487,13051
4734979,12350
4687495,13393
4677998,16684
4696995,12033
4725487,13438
2750112,10041
4734986,9032
4706495,11518
4715993,12850
4687502,4364
4678005,9409
4687503,8485
4621024,12890
4715996,6662
4706500,13076
4734992,10857
4734995,12747
4753990,10033
4753991,10623
4697013,8425
4735004,12155
4725510,10851
4697020,10612
4697021,14620
4735012,7001
4706524,13201
4678034,9769
4697029,11170
4744517,6557
4716027,13874
4744520,11551
4649550,8328
4754018,4193
4725528,9533
4678046,8837
4706539,10879
4678048,2777
4735031,7359
4697043,8133
4725535,10510
4716038,9023
4735033,9392
4725537,11134
4706544,5973
4716044,7312
4706549,11884
4706550,12145
4735041,10706
4735043,4199
4754038,9668
4706553,15548
4744542,10479
4716051,8343
4678063,8804
4706556,11104
4678066,8862
4754043,14629
4678069,15553
4725556,7866
4678073,11396
4697068,6435
4754051,9778
4678075,5355
4678077,13515
4697075,10304
4744560,5188
4725569,16139
4716073,9442
4744564,4942
4706576,14410
4735068,11489
4725571,12122
4678086,7829
4716076,4193
4678090,11567
4687587,15142
4754067,10703
4716081,8006
4735075,11480
4687592,8081
4602120,2814
4725581,10514
4744576,9336
4678098,4207
4573633,5918
4687597,11251
4697095,12303
4754077,5828
4678102,7146
4716091,10156
4754084,8298
4706600,5410
4678111,9782
4754088,11229
4592643,9626
4697110,11901
4678118,7650
4678120,8378
4687618,9280
4678122,13162
4678124,7756
4697124,8036
4678130,8415
4716119,10418
4678132,12694
4716121,13871
4744614,11363
4744617,13336
4716127,9449
4706630,12754
4716128,9830
4697134,8549
4735123,14271
4706633,10905
4678146,12902
4668649,7346
4706639,13989
4697143,10349
4716141,8272
4678153,9923
4706646,3861
4725641,8160
4706651,10738
4678160,5993
4668663,10564
4744641,10399
4678164,13212
4697160,6714
4678167,9841
4592695,6741
4716156,14509
4735152,7736
4716158,12777
4744649,10827
4621190,4325
4706663,9181
4678174,4933
4678175,10016
4716164,9645
4678177,9515
4668682,6014
4754156,9826
4678181,8067
4716169,10810
4706673,9688
4697176,12429
4697178,14405
4687681,7499
4668692,10307
4697183,13674
4668693,11856
4687688,6030
4706682,7301
4668694,9047
4668695,14744
4754169,11627
4735175,13072
4668696,6826
4716182,10421
4678194,10081
4744676,8259
4706688,15848
4678198,11188
4754176,10168
4735187,6681
4678205,8679
4687703,6154
4754184,13344
4697205,9142
4744692,11502
4668716,11505
4697208,14546
4630729,3967
4678215,7103
4706709,9617
4754198,6854
4687720,12932
4754199,11367
4754203,7244
4706721,13521
2028568,12549
4725719,9916
4687732,16594
4630753,10494
4754217,13677
4754222,9271
4706738,13423
4697241,10068
4697242,11921
4716237,8713
4697244,6122
4716239,9604
4697247,6297
4706744,10718
4706750,9522
4725746,9119
4687758,9965
4687759,11323
4716251,3022
4716253,11863
4706757,12913
4706761,11932
4697266,12900
4735254,8365
4744752,11435
4678275,11961
4678279,11936
4383872,6209
4735261,12585
4545326,8151
4754261,13044
4754265,11468
4754266,10313
4716280,4988
4735274,7306
4725779,11909
4744775,13785
4744778,8670
4716289,11733
4697295,12074
4678302,11857
4744784,14310
4706798,8597
4706799,11495
4716297,16083
4706802,7463
4668819,14505
4735298,6266
4687816,8165
4744798,12386
4716310,10301
4678322,13784
4735305,14035
4678325,8626
4545370,6124
4744810,6038
4687829,10560
4678334,15383
4716323,6315
4744815,12490
4678336,11160
4716325,15786
4735320,15569
4687838,12018
4678342,11065
4668845,7194
4716333,12012
4697339,10733
4754321,9957
4744825,10216
4697340,10694
4678346,8904
4535892,8756
4725833,10980
4754325,8746
4668853,6782
4668854,9542
4697347,9184
4678354,10582
4678356,11077
4716345,13175
4706849,11946
4697354,12038
4706856,9420
4706857,11342
4697360,10181
4678366,9927
4725852,10582
4716356,7699
4687869,9942
4725858,12674
4754352,11631
4440952,7301
4668881,10739
4725865,9028
4716368,13038
4716370,2299
4668886,9138
4678383,9091
4706875,8291
4754362,10036
4744866,12412
4668890,9132
4678389,13587
4678392,6231
4706884,5383
4744873,10376
4649903,13200
4716387,10528
4687897,7350
4744880,10616
4735383,10706
4735386,11373
4735387,10031
4716396,16746
4687905,10261
4678409,11638
4716398,12864
4744892,12461
4744894,11078
4687913,7323
4716404,13840
4725903,9166
4697414,9758
4725906,12039
4687918,8896
4744901,11266
4659428,9305
4716411,10632
4735405,6256
4687921,5453
4697418,6169
4754401,8259
4697423,8446
4725917,12293
4697427,10453
4678433,10788
4630949,12021
4678434,11031
4735417,5054
4725922,16212
4687934,2066
4687935,14718
4706929,7772
4687937,7396
4611961,14917
4687938,13420
4716429,10817
4706932,6667
4668944,6714
4744922,10567
4687941,12941
4687942,5305
4678446,11261
4687943,11239
4687944,13406
4687945,7775
4678448,13409
4744928,7745
4687947,10253
4716438,8824
4678451,11240
4687948,5461
4716439,10005
4687949,11629
4754428,11280
4678452,7705
4706944,8128
4687951,9570
4687952,6498
4716444,10392
4697452,5962
4754434,12679
4744943,11271
4678465,9515
4716455,9759
4697467,13735
4678476,13226
4716464,8533
4716466,7194
4716467,10760
4706971,11974
4744964,7253
4697482,9043
4725973,9713
4716477,7075
4725974,11779
4725980,13322
4687992,4069
4687998,7156
4706993,7762
4706994,15566
4716492,8449
4735487,8291
4593034,14388
4707000,6081
4735493,7441
4678511,13564
4707005,15160
4716504,10305
4744995,8077
4669024,10101
4716510,10330
4678522,10009
4745005,11956
4707017,9233
4697522,10918
4697523,13628
4697524,8421
4669033,14224
4678531,9950
4707022,14359
4707023,8325
4745015,8937
4697531,11905
4745016,6485
4697532,5039
4688041,11529
4669049,15332
4688044,10406
4707038,5684
4678551,11478
4688051,10894
4745033,6426
4669058,9886
4669060,6465
4688055,9859
4678560,11187
4688058,11562
4735543,8961
4697556,1184
4716552,10575
4678565,11803
4688063,7112
4716554,6661
4745048,15541
4678569,15701
4669074,13061
4735553,12916
4716561,11729
4678576,15340
4716567,11820
4735561,13575
4735562,11655
4669083,14032
4745060,6164
4726068,6970
4745063,10728
4678584,10038
4745064,9611
4745070,4747
4745071,7429
4716580,13140
4688089,8108
4745072,6534
4735578,4749
4688094,15328
4716587,7602
4697595,12899
4697596,6137
4678603,11485
4735588,14385
4412692,6961
4745087,7711
4707099,10296
4745090,7819
4726096,6519
4716601,8651
4678615,7834
4669119,5022
4707108,7465
4716608,13110
4688120,9744
4735605,12334
4669126,7802
4697617,10186
4735606,11660
4678626,9861
4716614,6588
4688123,16054
4745110,10347
4678631,10206
4669135,13866
4716621,7558
4678635,8901
4726121,6805
4697633,8062
4678640,9662
4669144,12900
4716629,10121
4678642,9032
4678644,10087
4697639,7240
4707137,12480
4678647,-2028
4707139,16665
4716637,9487
4707140,12172
3785932,10755
4707143,10547
4716641,12537
4697652,9665
4716649,10880
4716653,12847
4726151,9428
4707159,9912
4697663,10525
4716657,10235
4678670,9709
4678671,9476
4726159,6527
4726160,6190
4735658,14196
4688176,14662
4678682,12234
4688179,7048
4697677,6497
4688180,16139
4716672,8555
4678684,11887
4669188,7764
4678687,13693
4707179,12253
4716676,6593
4688187,11629
4735673,10736
4716680,13808
4593220,4383
4726180,7108
4716684,11790
4697690,14392
4707188,13183
4669200,9755
4688195,14279
4707189,12182
4669202,13178
4697694,9877
4735683,7020
4716691,7557
4707198,4865
4678707,9779
4678708,8253
4735690,9215
4669214,9683
4678714,9262
4707206,10761
4669220,7002
4735699,12406
4707209,7576
4678718,12880
4735702,8964
4745199,14023
4716709,8497
4735703,6195
4669225,16586
4688221,8774
4716712,8796
4669228,8979
4735708,17323
4678728,7169
4688227,10299
4735714,16079
4716721,12099
4688231,9875
4745214,10480
4726221,11687
4745215,6421
4678738,12390
4688235,8601
4735723,3627
4669244,11929
4697738,10246
4669247,10566
4716733,12202
4678745,16286
4678749,7392
4707241,12604
4697745,8670
4716741,13117
4678756,15703
4716746,7643
4745238,7065
4707251,8104
4669263,11280
4735746,8128
4678764,12777
4574298,7919
4716755,11578
4707259,11526
4735750,10356
4707262,7577
4678772,13646
4308390,9037
4669281,8436
4697772,3624
4716766,14190
4697773,14926
4688279,9951
4688280,14032
4716771,6740
4184939,11102
4716772,7289
4716774,4751
4602810,10962
4669298,6792
4678796,4764
4707288,11528
4669300,6297
4735783,15798
4716789,13142
4707293,14149
4707295,12040
4707297,8138
4669309,13091
4716796,11134
4669311,8786
4716797,8649
4707300,10997
4716799,5403
4707302,14040
4678816,13707
4678818,16596
4697813,8023
4697817,8489
4678825,10207
4707316,9020
4716814,14122
4688323,12327
4678827,3710
4716817,8755
4707321,7201
4716818,5775
4716820,7384
4745312,11492
4707324,8106
4716826,6260
4707331,5641
4716830,11133
4669347,6649
4716833,11283
4678848,12250
4716839,12573
4707343,11642
4726338,8657
4669357,3897
4707346,7051
4707348,14495
4735841,14695
4678859,11958
4716849,2973
4707352,7864
4688358,12911
4678862,10768
4669366,14599
4707357,10887
4669369,7666
4678868,13641
4726354,12289
4688366,14790
4726356,13056
4707362,11500
4678874,11843
4289498,11740
4707366,9520
4688374,11894
4669383,9827
4688379,13084
4707375,14097
4697879,12501
4745365,10344
4688384,11336
4612408,16103
4669391,6335
4735871,11784
4745368,13193
4669393,5117
4355994,11282
4726378,12425
4650402,8590
4688390,6397
4669399,12559
4669400,8857
4707390,13084
4678900,9909
4726388,3772
4346512,5374
4707399,10471
4688406,5448
4745390,9034
4707405,2984
4716904,13496
4650425,4916
4688413,9429
4688414,10412
4678917,6626
4669425,11505
4716912,5760
4707416,9134
4697920,10079
4707417,6822
4688423,8238
4716915,6151
4716920,9805
4688429,12753
4726421,14232
4716925,5244
4707428,8211
4678937,9511
4716927,14233
4688436,12767
4669444,12375
4688439,7192
4716930,12795
4669445,15039
4688440,7982
4669449,4952
4745426,13428
4745427,9435
4697944,6801
4688451,14820
4716945,14574
4669461,9758
4688456,12207
4716948,9751
4707452,7503
4707453,6233
4745444,12315
4726453,16526
4707460,5148
4678971,7126
4602995,7983
4707463,5090
4735954,2873
4745452,5765
4716964,9842
4697970,10902
4678981,7126
4659987,6940
4735964,7012
4716971,6814
4669486,4692
4678984,12053
4707477,6042
4697982,5929
4745467,6955
4697984,3742
4678990,5901
4745473,12978
4707489,9419
4707490,10013
4707493,7367
4697997,10904
4688500,10431
4707495,9672
4716993,15023
4716994,8891
4707498,10322
4669510,5788
4688505,12735
4726495,6337
4698009,10173
4726501,9860
2418731,8836
4736000,4770
4688516,3343
4707510,11234
4717011,9307
4745504,9669
4726511,13149
4717015,8200
4726512,16497
4669530,340
4717016,12532
4698025,9900
4679031,12366
4745513,9824
4745515,7206
4707532,11207
4726526,8208
4612563,8880
4679042,9689
4726528,7132
4707537,8561
4717035,9958
4299167,7967
4717044,7333
4736041,4951
4669564,6356
4736043,9947
4717050,10658
4717051,7264
4726549,10158
4679068,9121
4688566,13619
4688568,8983
4745552,11394
4698070,13081
4688581,9422
4679084,12179
4698081,5677
4688584,974
4745567,10619
4669594,10061
4717079,16413
4717084,10159
4745580,8695
4726589,7290
4669611,10931
4622127,8409
4669613,13567
4698105,3879
4726596,7821
4707605,8441
4679119,11699
4717112,14093
4603149,11096
4698121,5235
4707619,12284
4717116,14836
4707621,8367
4736112,11015
4698126,6712
4603156,10601
4736115,8621
4726621,10493
4679138,13140
4707629,6871
4707631,11458
4669644,10757
4717130,8923
4717132,12934
4736128,13394
4603170,11351
4745627,6853
4679150,12194
4726636,7767
4736135,4910
4745633,1850
4698149,9188
4669660,9689
4688656,15396
4698154,10917
4698155,12591
4679166,8221
4679167,12573
4726653,12840
4745648,7007
4726654,12394
4679170,5177
4707661,7971
2399891,12897
4707664,10851
4736156,5618
4679174,11136
4698170,10075
4698173,8255
4717169,4003
4688683,12074
4688687,12710
4745671,14683
4688691,13634
4669699,13280
4669704,11435
4736188,13807
4698201,15297
4669710,14852
4688709,5851
4736199,4155
4717207,12007
4669723,10937
4679223,8436
4688721,10601
4726714,11138
4679230,11543
4745709,9212
4669735,9532
4726724,8856
4717230,10824
4726728,2850
4603268,8519
4717235,8838
4717236,10263
4688749,7083
4679254,14598
4717247,9649
4736243,9581
4679262,7970
4707756,12676
4717257,11993
4669773,13471
4669777,12296
4707769,9811
4707773,13239
4717271,11872
4736269,6973
4688785,13298
4688786,16614
4707781,13305
4669795,5225
4707783,12785
4717283,10290
4679296,11723
4679297,10558
4707790,7805
4669803,13168
4717290,13067
4688799,12953
4707795,12862
4688802,13212
4717294,10446
4622325,7467
4707799,7970
4745788,5782
4698305,9770
4679312,11451
4717303,8388
4736304,14930
4707813,8049
4688820,13176
4669830,20004
4707818,12099
4669831,9266
4736311,11736
4707821,9841
4679333,7464
4745812,7251
4707824,13560
4736316,6702
4707830,13884
4679342,11481
4679345,10506
4717333,7735
3805624,13169
4745828,7693
4669858,11237
4679359,8610
4717348,6484
4698358,11673
4688861,9676
4698361,11748
4669873,12217
4736353,10692
4669874,7977
4669875,8400
4679374,9356
4622393,12477
4707871,9366
4717370,13355
4669886,8121
4669887,7729
4688884,7097
4707878,10531
4688885,6293
4745868,9473
4679392,10812
4688889,8414
4688891,6419
4688892,12683
4669902,8167
4688899,11879
4688900,13748
4717391,6419
4707895,12322
4717395,17093
4669911,11289
4736390,9804
4707901,12413
4688908,9305
4584441,3375
4736395,12960
4707905,13290
4688917,10242
4707913,5481
4593950,3896
4717412,9707
4707916,12562
4698419,10416
4593953,7036
4688926,11249
4707921,17492
4707923,11044
4745913,13647
4736416,12569
4669939,14114
4698431,13542
3055450,15164
4745919,11501
4688938,9516
4669944,8889
4717430,11217
4745921,10091
4622461,8745
4688940,7231
4679445,12002
4707939,6770
4717437,4643
4688946,9811
4698444,7710
4451524,15779
4745931,11657
4717441,6655
4707944,11401
4707945,14849
4688953,13071
4707948,8020
4679458,10540
4698452,14089
4745937,12266
4698453,11857
4679459,6517
4688957,2450
4745939,7092
4688959,12844
4669966,7448
4717452,7129
4679466,5754
4707958,7377
4698461,13697
4698462,10028
4707959,10375
4688969,7379
4707964,6693
4688971,10596
4717468,8256
4707972,762
4717470,6006
4707974,9034
4698478,9517
2495174,8537
4707975,10913
4717480,1723
4707987,6130
4707989,6276
4707992,10731
4707993,13501
4707994,9247
4707999,9054
4736492,9018
4726996,9774
4698507,13434
4689011,7564
4670018,6763
4708006,8567
4670019,4616
4689014,6765
4727004,10067
4736501,9585
4698515,12145
4698516,7294
4698518,4890
4698520,13174
4584557,9657
4698521,9465
4603553,5775
4717519,7720
4689029,10398
4708024,11091
4698527,10468
4746013,9898
4736517,9368
4698531,11967
4708031,7718
4670044,9644
4717532,6235
4670053,10755
4670056,13152
4603582,6324
4736544,5918
4689062,1556
4689067,15160
4727058,12260
4698568,9384
4717569,8240
4717574,10617
4698581,11937
4736569,9326
4689087,9254
4670095,10637
4670096,10723
4717582,8638
4727079,4596
4708086,6702
4698590,12963
4670102,6494
4717587,9292
4689097,11830
4708092,16238
4670104,12539
4746082,9320
4670107,9848
4698602,12187
4518160,8955
4689107,13283
4708104,19946
4698607,11380
4689115,14099
4727107,8438
4698618,10941
4717616,9053
4736612,15048
4698626,7842
4746117,8158
4736620,7992
4689140,9117
4736626,8144
4670148,11748
4746126,11640
4717635,8010
4727133,15774
4746128,10693
4679651,8968
4679657,12309
4717646,15122
4736641,12429
4708151,12840
4708152,11380
4679663,17257
4670167,11827
4679665,7103
4679671,8674
4736653,11136
2818260,5606
4736655,12371
4679674,12733
4698670,8397
4679676,8589
4689176,12660
4641695,8992
4679684,14596
4746166,16438
4679689,11496
4708181,7549
4679693,11667
3236150,11212
4698690,6288
4689195,9253
4708189,10252
4679700,11891
4717691,14372
4689202,11429
4670211,11982
4698702,6240
4698703,8271
4679710,12480
4727196,7298
4651222,10311
4670218,9847
4698711,9284
4679719,10646
4689217,6614
4717708,13501
4698714,6080
4670223,11799
4736704,9777
4727208,9178
4717714,9844
4708218,7494
4698723,15239
4679729,12269
4717719,15485
4698725,8089
4698732,14229
4727223,8852
4698734,7562
4746219,10700
4746220,13421
4698737,8690
4708236,12104
4708238,9719
4708239,11705
4689246,9175
4679749,15899
4708241,6798
4679750,6254
4679751,11184
4717741,11581
4670257,16961
4679755,12797
4679757,11837
4698754,11991
4698755,6427
4708255,9151
4689265,17393
4679769,11714
4689267,5015
4727256,11711
4679772,11742
4708263,7463
4679780,8138
4689278,6240
4717771,8112
4660790,13268
4746264,5389
4727270,8630
4717774,14505
4708278,9813
4689287,10582
4698786,5752
4717781,11486
4698787,9225
4698791,9812
4689300,11158
4698801,9026
4613331,10470
4613333,6465
4698806,16224
4736797,10515
4698810,9830
4679817,11370
4717807,16473
4727304,12489
4575353,8388
4698815,5036
4717812,9001
4708316,7146
4689322,9716
4727311,5075
4670332,12052
4689326,7257
4717817,16734
4698823,11691
4679831,8808
4689330,12119
4679834,13329
4670343,6958
4736824,17082
4670345,8400
4622861,11419
4689340,13721
4670346,12981
4698840,11876
4708338,14224
4708339,3892
4727339,9547
4689357,9432
4727346,4436
4689358,7022
4679863,10176
4717851,13792
4698861,12159
4708358,10573
4717857,8177
4708360,7247
4689366,12580
4708361,9046
4698864,8780
4689370,13135
4708366,8091
4670384,7452
4708374,9502
4698881,9773
4698882,3198
4736871,8351
4736877,11380
4679896,10168
4670399,9598
4698893,9164
4708391,10955
4689399,10618
4698898,11227
4689401,8410
4641917,6622
4632420,12474
4708397,10618
4727391,10620
4746391,13669
4689410,9109
4717903,6601
4746395,8279
4746396,14487
4736900,8350
4698913,13190
4708411,5162
4670427,13014
4746409,11226
4442506,7293
4689429,10918
4670436,16322
4717922,8057
4689431,11575
4746414,16778
4708432,10127
4689439,10480
4689443,10712
4717942,8281
4689452,10022
4698950,10714
4670460,11801
4622977,11133
4736942,12930
4736945,7563
4689464,9180
4509025,5863
4746452,8667
4679975,16576
2932529,8374
4679979,11328
4746458,11655
4717968,8958
4727471,12053
4708477,4574
4670489,12683
4689485,7296
4746467,11617
4717979,10037
4746473,12115
4689493,8392
4670504,9966
4689500,12981
4736985,9026
4689502,9193
4746490,3611
4699008,14923
4680016,11286
4699014,11737
4708518,7606
4670533,10023
4718021,11006
4689530,12510
4585066,9878
4708530,12951
4670543,6744
4737025,13519
4718033,4140
4689545,5608
3825321,7685
4708542,7471
3530915,10964
4689549,12891
4689550,10132
4699047,12173
4708547,15334
4689556,9973
4727545,7262
4708553,12407
4699057,14183
4680065,8901
4689567,17240
4585101,9506
4737053,15322
4670574,10926
4708564,995
4727558,4832
4689572,6291
4585108,11094
4680079,9636
4718070,9800
4727569,10022
4699081,8390
4699089,8230
4699092,11936
4718086,6968
4651608,13906
4670602,15148
4689599,10599
3464490,13203
4680107,10868
4689606,18256
4737095,6346
4689612,12555
4746596,11088
4680117,12953
4718106,8127
4670625,15610
4670628,8225
4708617,9621
4689625,6186
4670632,12120
4718117,5532
4699123,9357
4689628,11562
4708626,15259
4718123,5840
4727621,12151
4737118,12214
4689636,10210
4670645,11214
4708634,8851
4718131,11136
4689640,8035
4699141,10281
4699144,5409
4623171,12592
4670657,12920
4651663,12741
4708646,10900
4699150,10542
4689653,8785
4718147,10719
4727645,8040
4689663,7234
4746646,11618
4737151,11618
4718157,6142
4699163,12820
4623188,6804
4670675,10144
4119853,9592
4689674,13831
4518729,6895
4680188,6590
4746667,12637
4670693,17518
4670694,4048
4689690,13440
4699188,15237
4708687,14270
4737183,9887
4689699,10889
4699196,11992
4689701,8776
4727689,9395
4689703,11040
3910955,3501
4385806,7047
4708705,8145
4718203,10687
4604239,8898
4699212,9268
4718206,6048
4699213,9466
4718207,1980
4689717,11052
4718209,13390
4689722,11247
4727710,11067
4699220,11466
4718215,3053
4613749,13772
4727714,9240
4670733,11921
4718218,11283
4708721,5253
4670735,13314
4737215,10051
4689730,13007
4680235,7212
4689734,8404
4699232,10991
4680240,13044
4670743,7184
2742854,14391
4737228,14613
4746727,6121
4689749,10219
4708748,10513
4670761,12100
4699253,13253
4746739,8004
4442839,8545
4746746,13880
4670775,13500
4746751,5448
4680273,11142
4670776,10051
4670779,9947
4680276,7240
4718269,11564
4718272,9022
4718273,7994
4680288,10846
4718277,14906
4680289,15258
4680297,10290
4689795,9294
4699292,7186
4699293,11621
4680300,8080
4670803,11586
4727786,13682
4689800,12520
4699297,6612
4613824,3427
4699304,6004
4689807,6150
4727796,10379
4727799,11468
4727800,10463
4699310,8617
4689813,11350
4594848,13440
4680323,10277
4708818,7205
4737309,10918
4680328,16042
4737313,2612
4708823,10663
4737321,9408
4680339,15196
4699335,9456
4680341,11442
4699336,11628
4670847,9246
4689844,6704
4737330,11430
4689847,11220
4680352,12135
4680353,7852
4718343,8756
4699349,8280
4718344,11513
4689854,8050
4737341,6528
4689858,10124
4680362,13155
4746841,8744
4708854,12232
4699363,7399
4689867,6365
4670874,7899
4689868,8979
4680372,9421
4689869,10402
4670876,16088
4727861,10875
4670881,9238
4689876,7238
4661385,8450
4699377,9701
4670887,7056
4670888,11853
4737367,13542
4689882,11659
4708878,8988
4737371,10240
4699383,9322
4670895,12629
4670897,10522
4718386,11887
4718387,9702
4737382,9536
4670904,5500
4718389,14327
4670906,8651
4670908,5649
4670909,12987
4708901,9540
4670916,11364
4585445,7246
4670919,10750
4689913,8736
4718404,8088
4699414,7293
4718410,9878
4689919,9398
4718412,9996
4670931,13678
4613950,9650
4670933,7547
4689927,7073
4718419,9910
4699425,13520
4746911,8084
4737416,3794
4699435,12683
4737423,9142
4689944,12549
4670951,10983
4718436,3972
4718438,9799
4699448,15819
4746933,6982
4689953,8557
4708948,14353
4670963,11614
4746939,9457
4737442,13888
4727947,10694
4718450,10372
4680464,3742
4689962,12863
4708958,9972
4727953,9420
4727955,11407
4585501,13056
4670975,13585
4727957,11051
4680472,13303
4670977,15049
4727960,7191
4746954,6677
4699470,10982
4689974,12683
4689977,9159
4699476,8781
4737465,11661
4699480,11123
4689984,5610
4746967,10311
4718477,5106
4689987,12371
4699484,7767
4737473,6941
4689988,10349
4708985,10470
4718483,8709
4699489,13351
4689992,8440
4727984,11115
4699494,14148
4642513,17612
4671010,7342
4699502,10091
4690006,12221
4652022,15543
3455401,15341
4699510,7565
4746997,8511
4671021,9205
4680519,11989
4699516,4749
4737505,6347
4747013,10476
4737517,6693
4718526,8960
4680543,7116
4661552,12518
4728031,11813
4737531,6669
4699544,13582
4699546,10836
4718541,8826
4699547,8797
4747033,8828
4718543,16448
4690054,12051
4737540,5177
4690055,14111
4671061,12356
4690056,6004
4699555,6423
4680563,10906
4699559,10878
4680566,14026
4690064,8384
4718555,9719
4671073,6081
4728056,16126
4737553,13978
4728063,6214
4671081,14211
4224723,11776
4690079,11266
4737564,15657
4699577,10980
4709075,10250
4690085,13038
4604612,8813
4728075,9920
4680596,12028
4747080,9903
4699595,9571
4699596,9235
4633118,10699
4718592,11796
4709095,1648
4718593,7517
4737589,12617
4680608,14816
4737591,9651
4737592,8858
4690108,8834
4680611,14104
4718601,6980
4633130,8285
4671127,12729
4718618,10223
4709122,12222
4690132,9737
4671140,2877
4737620,8927
4699633,8099
4680641,9737
4671146,8247
4737626,10919
4585675,10854
4671148,17573
4747124,5715
4728139,11947
4680659,11671
4747138,8428
4671164,8974
4699658,7456
4718652,10190
4718653,12900
4671169,8117
4728151,11900
4709158,3748
4699666,10635
4728158,11163
4718668,11357
4737662,13681
4671183,1659
4357782,4394
4690181,9366
4718673,11132
4709177,13917
4718674,9639
4709179,13086
4671191,4995
4747169,8110
4709181,11880
4718679,12169
4728176,9574
4718680,8578
4718683,12595
4747176,16775
4680698,5196
4709193,13215
4718692,9438
4718694,8644
4699701,11631
4718702,6905
4709208,5496
4728202,4741
4718705,5392
4718707,8969
4718709,8010
4699718,15534
4718713,13503
4680726,14343
4671231,6536
4690225,15191
4728220,8596
4671240,11563
4680737,10009
4680741,12336
4690239,13248
4718730,9324
4709233,8038
4699736,7063
4671248,12568
4718734,7619
4718735,7944
4709238,6187
4709240,15092
4671257,12476
4737737,10768
4718746,6549
4747237,9791
4680761,14859
4671265,11134
4709254,11122
4680764,9490
948443,17318
4718753,7982
4680766,5472
4718756,6788
4747247,16297
4737752,13120
4120447,12397
4718759,11760
4709262,5432
4747250,16061
4699765,12483
4699766,17805
4699768,14510
4690272,10223
4747255,14993
4709267,7737
4680777,12217
4671283,10635
4699774,11329
4709273,11625
4747262,10485
4718771,4795
4699780,6641
4481350,12170
4709278,7947
4737770,13330
4747270,11331
4690293,7422
4737780,10159
4699794,7623
4671304,10254
4671307,11114
4690302,12593
4718794,7714
4737789,10845
4690304,2944
4747287,7471
4680809,12083
4671314,8841
4585841,8779
4671316,13264
4680817,13380
4718808,9764
4680820,8637
4680821,11853
4690318,8358
4709312,11142
4718810,12812
4747307,16103
4718817,11503
4699824,13058
4709321,10575
4690329,6129
4690331,3928
4728319,9209
4690337,9979
4718829,5135
4747322,11683
4718832,10363
4737826,11659
4699840,9003
4671354,2341
4709342,10773
4680853,12081
4699849,10800
4699850,7422
4737843,8358
4728346,5444
4718851,5490
4661871,5697
4737847,10648
4718855,7391
4718857,7635
4680871,8941
4709365,10284
4699870,13423
4747357,11146
4709369,9012
4699872,9036
4671381,9258
4709370,5489
4680880,11974
4747361,9588
4709373,9184
4709377,6621
4680886,9968
4709380,7675
4709381,9473
4690389,10943
4718881,6957
4699889,15178
4737878,11232
4718885,12686
4690399,8482
4709396,7917
4680905,12918
4680906,9497
4728393,8288
4699902,2617
4728394,13300
4690407,7036
4671413,8606
4614431,7578
4671417,9081
4737896,5112
4709409,14283
4709411,13063
4604948,8932
4671432,12238
4661936,12068
4671434,9345
4718920,8857
4747411,6010
4614458,12671
4699931,10059
4747418,8354
4709431,10030
4747419,7245
4718932,11623
4709436,10003
4690448,9257
4728436,6421
4680953,9114
4718941,13014
4671462,11650
4709453,12623
4699956,11034
4690459,10803
4709460,8976
4699967,10105
4690473,14528
4671480,6507
4709470,10728
4728468,9322
4718972,11726
4699982,11304
4709483,8672
4690492,14406
4699992,10141
4747479,11284
4718990,11752
4671508,12960
4709498,12895
4519562,11810
4671515,6845
4700007,13442
4671517,8867
4690512,10479
4690514,10733
4700011,7403
4719007,11944
4747499,8423
4719008,13281
4719009,9430
4747501,10693
4709514,7630
4671528,9517
4719014,10846
4738013,11850
4690531,9621
4671538,10081
4671543,12683
4614561,10260
4747520,11637
4728526,3134
4700037,11309
4690540,9127
4709535,9832
4747525,4635
4709542,11244
4709543,15263
4738037,12756
4690553,11099
4386651,9411
4700053,9837
4633574,7852
4738043,8866
4690558,12643
4709553,10615
4690559,11203
4709555,8556
4671568,5471
4719056,17508
4709560,5706
4709563,10080
4709564,12682
4709566,10967
4681075,13643
4671582,14053
4681081,7647
4709573,8167
4709575,9277
4728575,2209
4690588,3940
4671596,10370
4738076,11119
4690592,10608
4700093,12816
4747579,8177
4671605,13600
4690602,7433
4709598,8481
4700101,13215
4709602,3566
4690608,7691
4700108,11697
4671621,16081
4728604,7955
4719108,13296
4681121,9333
4738103,5680
4709617,7168
4738116,6130
4690642,11837
4738128,14043
4690643,11882
4719136,13552
4738135,14352
4681162,12704
4719152,6607
4709655,10623
4709658,10271
4671671,12234
4747651,7067
4719160,3651
4738155,13499
4681173,54
4738156,6451
4747654,2743
4681176,3817
4671679,7634
4747657,10936
4681178,13221
4709675,15234
4690681,7251
4728671,10738
4719178,11287
4719180,8661
4671695,11958
4709684,12324
4719185,13313
4709688,9033
4709689,18420
4719187,13434
4738188,14149
4728693,10197
4738191,11777
4709700,12934
4709701,10331
4709702,8498
4690709,12214
4728697,8949
4671719,9437
4719204,13616
4690713,10260
4747698,5737
4728709,12011
4681225,4477
4738207,7397
4719213,9732
4709716,10220
4719214,12449
4671730,12936
4671732,5767
4671736,6280
4709726,10922
4700229,7195
4700230,5492
4671739,11769
4719231,8273
4728729,15327
4700243,10104
4738231,10548
4690748,8404
4576784,12455
2781852,11366
4709743,8168
4681253,7485
4700247,9555
4719241,10736
4747733,6083
4728741,9341
4719246,9057
4700253,7135
4719250,14956
4728749,16921
4738251,11078
4700265,6910
4719261,9478
4747753,4755
4681274,11671
4671777,7227
4709767,14052
4719266,6065
4747757,10273
4700274,8429
4700276,5272
4709779,7435
4719277,9035
4700283,5833
4690786,11270
4576822,2161
4719279,10821
4681292,12332
4728782,7813
4747779,11498
4709793,7349
4738285,11161
4709795,7402
4747785,13962
4719296,13198
4700302,13695
4681308,7112
4719299,10762
4690809,12613
4681312,8305
4719301,7453
4681313,15912
4747792,14989
4728800,5007
4700309,8654
4700312,8938
4690818,9412
4662329,14004
4728809,9644
4719313,8265
4709818,9989
4700322,16690
4700323,13166
4662335,9993
4576862,10671
4728815,9696
4700324,8401
4671838,8648
4709827,9497
4690833,10560
4700331,6554
4700334,15626
4719330,7364
4709833,4240
4633857,7957
4671848,7500
4709837,10331
4700344,7954
4690850,9404
4719342,6704
4709845,10125
4690852,10796
4662363,11918
4719345,9082
4709849,6363
4681358,5899
4690856,11844
4681361,8962
4709853,9801
4690859,9738
4719351,16305
4671866,6397
4747847,11461
4690866,9981
4681373,11361
4709865,7960
4700368,14055
4709866,7128
4700374,15209
4643393,9893
4700380,15796
4671889,10288
4700382,10448
4690890,9646
4709886,5898
4700391,7380
4709889,10224
4719387,5148
4690897,13206
4719390,13143
4681402,10367
4700398,7391
4700399,7839
4709900,7190
4728897,11369
4681414,6808
4681416,10362
4681419,7878
4728905,15546
4709913,8621
4747907,8375
4671939,12628
4728925,13247
4747919,12148
4586472,13069
4681442,13048
4709934,11817
4700438,5544
4738426,11730
4728932,8748
4719436,10131
4671952,6597
4738432,10325
4709942,15992
4719440,13468
4690951,8992
4728940,9592
4671958,11430
4709949,11277
4690955,12860
3969187,14495
4719452,10362
4738448,8197
4671969,13077
4709958,16181
4690966,7485
4709961,11103
4747950,10878
4681473,9729
4728958,6770
4671977,9199
4719463,9364
4738457,10713
4709967,5362
4719469,16123
4747961,12530
4671985,10037
4719473,11576
4709978,7993
4747968,9941
4700483,11258
4671994,7978
4719480,9026
4709984,8468
4700494,7879
4709993,13107
4719491,9608
4719492,13092
4700499,6490
4700500,7485
4709999,12643
4700504,8516
4672013,11471
4719499,12888
4710003,8862
4719503,5904
4729002,4962
4691015,4935
4691017,12598
4719508,10365
4719509,13089
4719511,5713
4700518,9238
4691022,11844
4615047,8963
4672029,9968
4738509,12139
4672031,7559
4710022,15599
4672036,9158
4700528,10138
4681534,15130
4710026,11422
4700529,8801
4710027,9665
4691038,9792
4710034,14703
4700542,12235
4738532,11390
4615073,14499
4738534,7912
4672058,10745
4681556,11208
4729041,11394
4672064,12757
4710052,13235
4662569,10529
4729049,12517
4710064,3213
4681574,7749
4672077,13272
4748054,6218
4738559,9773
4672081,17020
4710070,9255
4719567,8060
4738561,13514
4729065,10341
4672084,7052
4691079,9023
4672085,8665
4681583,13766
4691080,12852
4700581,12581
4320708,17785
4700595,7661
4738583,7765
4634117,9960
4691102,8492
4719597,3486
4710100,1519
4719601,10509
4700616,7742
4710114,13595
4681625,9405
